[
  {
    "id": -1,
    "tag": "推荐"
  },
  {
    "id": 41,
    "tag": "动漫"
  },
  {
    "id": 61,
    "tag": "萝莉"
  },
  {
    "id": 36,
    "tag": "乱伦"
  },
  {
    "id": 42,
    "tag": "强奸"
  },
  {
    "id": 5,
    "tag": "学生"
  },
  {
    "id": 1,
    "tag": "巨乳"
  },
  {
    "id": 40,
    "tag": "3D"
  },
  {
    "id": 59,
    "tag": "极品"
  },
  {
    "id": 29,
    "tag": "丝袜"
  },
  {
    "id": 2,
    "tag": "素人"
  },
  {
    "id": 3,
    "tag": "人妻"
  },
  {
    "id": 4,
    "tag": "制服"
  },
  {
    "id": 8,
    "tag": "爆菊"
  },
  {
    "id": 9,
    "tag": "3P"
  },
  {
    "id": 10,
    "tag": "口交"
  },
  {
    "id": 11,
    "tag": "潮吹"
  },
  {
    "id": 12,
    "tag": "巨屌"
  },
  {
    "id": 13,
    "tag": "自拍"
  },
  {
    "id": 14,
    "tag": "偷拍"
  },
  {
    "id": 15,
    "tag": "熟女"
  },
  {
    "id": 16,
    "tag": "性玩具"
  },
  {
    "id": 17,
    "tag": "白虎"
  },
  {
    "id": 18,
    "tag": "中出"
  },
  {
    "id": 19,
    "tag": "调教"
  },
  {
    "id": 20,
    "tag": "男同BL"
  },
  {
    "id": 21,
    "tag": "Cosplay"
  },
  {
    "id": 22,
    "tag": "颜射"
  },
  {
    "id": 23,
    "tag": "足交"
  },
  {
    "id": 24,
    "tag": "指交"
  },
  {
    "id": 26,
    "tag": "抽插"
  },
  {
    "id": 27,
    "tag": "自慰"
  },
  {
    "id": 28,
    "tag": "多人运动"
  },
  {
    "id": 30,
    "tag": "女同"
  },
  {
    "id": 31,
    "tag": "视讯直播"
  },
  {
    "id": 32,
    "tag": "野战"
  },
  {
    "id": 33,
    "tag": "舔屄"
  },
  {
    "id": 34,
    "tag": "乳交"
  },
  {
    "id": 35,
    "tag": "肛交"
  },
  {
    "id": 37,
    "tag": "口爆"
  },
  {
    "id": 38,
    "tag": "㊣ 前方高能"
  },
  {
    "id": 39,
    "tag": "兽交"
  },
  {
    "id": 43,
    "tag": "高潮"
  },
  {
    "id": 44,
    "tag": "后入"
  },
  {
    "id": 45,
    "tag": "剧情"
  },
  {
    "id": 46,
    "tag": "淫叫"
  },
  {
    "id": 47,
    "tag": "人妖"
  },
  {
    "id": 48,
    "tag": "露出"
  },
  {
    "id": 49,
    "tag": "处女"
  },
  {
    "id": 53,
    "tag": "女上位"
  },
  {
    "id": 54,
    "tag": "国产"
  },
  {
    "id": 55,
    "tag": "SM"
  },
  {
    "id": 56,
    "tag": "日韩"
  },
  {
    "id": 57,
    "tag": "欧美"
  },
  {
    "id": 58,
    "tag": "女神"
  },
  {
    "id": 62,
    "tag": "教师/OL"
  },
  {
    "id": 63,
    "tag": "女模"
  },
  {
    "id": 64,
    "tag": "极致体验"
  }
]
